Model,MSE,RMSE,MAE,RMSE_Improvement_%
ExpoMF,0.09712252765893936,0.3116448742702812,0.2664433717727661,0.0
IPS,0.0967557281255722,0.3110558279884372,0.26590150594711304,0.19
SNIPS,0.09771136939525604,0.3125881785916672,0.2674705684185028,-0.3
CRM,0.09775178134441376,0.3126528127882648,0.26755446195602417,-0.32
Doubly Robust,0.09763741493225098,0.3124698624383654,0.2672938108444214,-0.26
