Dataset,alpha_exposure_skew,relative_ESS,top1pct_weight_share,N
KUAIREC,0.5,0.5577484932922516,0.07294695699608775,12530806
KUAIREC,0.7,0.1788243122706319,0.15158505734864325,12530806
KUAIREC,0.9,0.03370189221545122,0.2887768711007339,12530806
KUAIREC,1.0,0.01403378897075364,0.37999212859391834,12530806
KUAIREC,1.2,0.0028355737578684773,0.5841465436177573,12530806
KUAIREC,1.5,0.002257310586256084,0.7843285695151693,12530806
KUAIREC,2.0,0.00603183913291523,0.8620373368895075,12530806
