Dataset,mean_ips_gain,std_ips_gain,relESS,absBiasNDCG10,ips_gain_sign_consistency,diagnostic_tag
COAT,-0.002229398539025767,0.0075383774320467575,0.9008723213920384,0.0439,0.3333333333333333,limited-or-negative-gain
KUAIREC,0.025290892801623048,0.012818640143292964,0.7849609794911191,0.1854,1.0,stable-positive
YAHOO,-0.0001723864718921666,0.0016830575579949456,0.4316237693353025,0.1847,0.6666666666666666,limited-or-negative-gain
