Dataset,alpha_exposure_skew,relative_ESS,top1pct_weight_share,N
KUAIREC,0.5,0.5577484932922498,0.07294695699608779,12530806
KUAIREC,0.7,0.17882431227063195,0.15158505734864325,12530806
KUAIREC,0.9,0.033701892215451175,0.28877687110073386,12530806
KUAIREC,1.0,0.014033788970753634,0.3799921285939183,12530806
KUAIREC,1.2,0.002835573757868483,0.5841465436177572,12530806
KUAIREC,1.5,0.002257310586256089,0.7843285695151688,12530806
KUAIREC,2.0,0.006031839132915235,0.8620373368895075,12530806
