Model,MSE,RMSE,MAE,RMSE_Improvement_%
Baseline NCF,0.0941956639289856,0.30691312114177455,0.24096693098545074,0.0
IPS,0.09719399362802505,0.31175951249003625,0.23980069160461426,-1.58
SNIPS,0.0974963828921318,0.31224410785814966,0.24124488234519958,-1.74
CRM,0.09726621955633163,0.3118753269438473,0.23900415003299713,-1.62
Doubly Robust,0.10638793557882309,0.32617163515367653,0.27437758445739746,-6.27
