Model,MSE,RMSE,MAE,RMSE_Improvement_%
Baseline MF,0.15900100767612457,0.39874930429547406,0.39747631549835205,0.0
IPS,0.16460376977920532,0.4057139013876716,0.40517565608024597,-1.75
SNIPS,0.16478224098682404,0.4059337889198484,0.40543365478515625,-1.8
CRM,0.1647823452949524,0.4059339173990668,0.405433714389801,-1.8
Doubly Robust,0.16253620386123657,0.40315779027725185,0.40252748131752014,-1.11
